Description,Value
"First connection established",0.139750
"First connection established",0.205250
"First connection established",0.193125
"First connection established",0.225375
"First connection established",0.213500
"First connection established",0.238000
"First connection established",0.180375
"First connection established",0.226125
"First connection established",0.201625
"First connection established",0.160000
"First connection established",0.190250
"First connection established",0.240750
"First connection established",0.208250
"First connection established",0.224500
"First connection established",0.180875
"First connection established",0.235250
"First connection established",0.219625
"First connection established",0.171750
"First connection established",0.195625
"First connection established",0.139750
"First connection established",0.205250
"First connection established",0.193125
"First connection established",0.225375
"First connection established",0.213500
"First connection established",0.238000
"First connection established",0.180375
"First connection established",0.226125
"First connection established",0.201625
"First connection established",0.160000
"First connection established",0.190250
"First connection established",0.240750
"First connection established",0.208250
"First connection established",0.224500
"First connection established",0.180875
"First connection established",0.235250
"First connection established",0.219625
"First connection established",0.171750
"First connection established",0.195625
"First request sent",0.012250
"First request sent",0.005875
"First request sent",0.025625
"First request sent",0.018250
"First request sent",0.027375
"First request sent",0.025750
"First request sent",0.026375
"First request sent",0.022250
"First request sent",0.025125
"First request sent",0.006000
"First request sent",0.020250
"First request sent",0.027750
"First request sent",0.024625
"First request sent",0.018875
"First request sent",0.007000
"First request sent",0.022500
"First request sent",0.028000
"First request sent",0.023500
"First request sent",0.009500
"Time from request to first response",0.607375
"Time from request to first response",7.695625
"Time from request to first response",5.449000
"Time from request to first response",15.196125
"Time from request to first response",0.029625
"Time from request to first response",0.032750
"Time from request to first response",23.221250
"Time from request to first response",0.029750
"Time from request to first response",19.532250
"Time from request to first response",89.313875
"Time from request to first response",3.213625
"Time from request to first response",0.029875
"Time from request to first response",17.562000
"Time from request to first response",35.537000
"Time from request to first response",91.560875
"Time from request to first response",394.555500
"Time from request to first response",24.940125
"Time from request to first response",0.021125
"Time from request to first response",46.740000
"Response received",318.007375
"Response received",66.938375
"Response received",839.336875
"Response received",362.414625
"Response received",591.636000
"Response received",730.553000
"Response received",169.983500
"Response received",825.273625
"Response received",845.816125
"Response received",583.422625
"Response received",853.410375
"Response received",862.683750
"Response received",614.948875
"Response received",834.312875
"Response received",734.523500
"Response received",1241.705000
"Response received",819.956500
"Response received",782.402125
"Response received",1032.097000
"File saved",0.360125
"File saved",0.146750
"File saved",0.469125
"File saved",0.391500
"File saved",0.386250
"File saved",0.387000
"File saved",0.183375
"File saved",0.464750
"File saved",0.465625
"File saved",0.400125
"File saved",0.453375
"File saved",0.521250
"File saved",0.473000
"File saved",0.430875
"File saved",0.371625
"File saved",0.480500
"File saved",0.452125
"File saved",0.493000
"File saved",0.467000
"Command executed",1166.497875
"Command executed",1.784375
"Command executed",1273.605250
"Command executed",1211.709375
"Command executed",1126.308750
"Command executed",1193.159875
"Command executed",2.855250
"Command executed",1183.051375
"Command executed",1155.419375
"Command executed",1157.557250
"Command executed",1196.444250
"Command executed",1182.319625
"Command executed",1198.598750
"Command executed",1117.266125
"Command executed",1114.039500
"Command executed",1175.087625
"Command executed",1156.301125
"Command executed",1152.637000
"Command executed",1185.564375
"Second connection established",0.238250
"Second connection established",0.218000
"Second connection established",0.232000
"Second connection established",0.256125
"Second connection established",0.198000
"Second connection established",0.242625
"Second connection established",0.218875
"Second connection established",0.223750
"Second connection established",0.239000
"Second connection established",0.185875
"Second connection established",0.259375
"Second connection established",0.229750
"Second connection established",0.215500
"Second connection established",0.251875
"Second connection established",0.255625
"Second connection established",0.226250
"Second connection established",0.217875
"Second connection established",0.232500
"Second connection established",0.248375
"Second request sent",0.022000
"Second request sent",0.020375
"Second request sent",0.024750
"Second request sent",0.022500
"Second request sent",0.020375
"Second request sent",0.021625
"Second request sent",0.022250
"Second request sent",0.024375
"Second request sent",0.020500
"Second request sent",0.022500
"Second request sent",0.021125
"Second request sent",0.025125
"Second request sent",0.026250
"Second request sent",0.023250
"Second request sent",0.026750
"Second request sent",0.015875
"Second request sent",0.024750
"Second request sent",0.025125
"Second request sent",0.025000
"Result uploaded",0.053250
"Result uploaded",0.023375
"Result uploaded",0.053250
"Result uploaded",0.052375
"Result uploaded",0.042375
"Result uploaded",0.054375
"Result uploaded",0.033250
"Result uploaded",0.043000
"Result uploaded",0.044500
"Result uploaded",0.050000
"Result uploaded",0.046500
"Result uploaded",0.053375
"Result uploaded",0.045375
"Result uploaded",0.049125
"Result uploaded",0.053625
"Result uploaded",0.037625
"Result uploaded",0.054000
"Result uploaded",0.053250
"Result uploaded",0.053750
"Process completed successfully. Total execution time",2054.191125
"Process completed successfully. Total execution time",526.715750
"Process completed successfully. Total execution time",2714.383375
"Process completed successfully. Total execution time",2042.211500
"Process completed successfully. Total execution time",2331.758000
"Process completed successfully. Total execution time",2613.016875
"Process completed successfully. Total execution time",853.566625
"Process completed successfully. Total execution time",2773.279125
"Process completed successfully. Total execution time",2763.481750
"Process completed successfully. Total execution time",2331.181750
"Process completed successfully. Total execution time",2851.716250
"Process completed successfully. Total execution time",2927.763750
"Process completed successfully. Total execution time",2473.408750
"Process completed successfully. Total execution time",2838.295500
"Process completed successfully. Total execution time",2383.642250
"Process completed successfully. Total execution time",3131.835625
"Process completed successfully. Total execution time",2713.443500
"Process completed successfully. Total execution time",2708.707125
"Process completed successfully. Total execution time",2820.211875
"First connection established",0.139750
"First connection established",0.205250
"First connection established",0.193125
"First connection established",0.225375
"First connection established",0.213500
"First connection established",0.238000
"First connection established",0.180375
"First connection established",0.226125
"First connection established",0.201625
"First connection established",0.160000
"First connection established",0.190250
"First connection established",0.240750
"First connection established",0.208250
"First connection established",0.224500
"First connection established",0.180875
"First connection established",0.235250
"First connection established",0.219625
"First connection established",0.171750
"First connection established",0.195625
"First request sent",0.012250
"First request sent",0.005875
"First request sent",0.025625
"First request sent",0.018250
"First request sent",0.027375
"First request sent",0.025750
"First request sent",0.026375
"First request sent",0.022250
"First request sent",0.025125
"First request sent",0.006000
"First request sent",0.020250
"First request sent",0.027750
"First request sent",0.024625
"First request sent",0.018875
"First request sent",0.007000
"First request sent",0.022500
"First request sent",0.028000
"First request sent",0.023500
"First request sent",0.009500
"Time from request to first response",0.607375
"Time from request to first response",7.695625
"Time from request to first response",5.449000
"Time from request to first response",15.196125
"Time from request to first response",0.029625
"Time from request to first response",0.032750
"Time from request to first response",23.221250
"Time from request to first response",0.029750
"Time from request to first response",19.532250
"Time from request to first response",89.313875
"Time from request to first response",3.213625
"Time from request to first response",0.029875
"Time from request to first response",17.562000
"Time from request to first response",35.537000
"Time from request to first response",91.560875
"Time from request to first response",394.555500
"Time from request to first response",24.940125
"Time from request to first response",0.021125
"Time from request to first response",46.740000
"Response received",318.007375
"Response received",66.938375
"Response received",839.336875
"Response received",362.414625
"Response received",591.636000
"Response received",730.553000
"Response received",169.983500
"Response received",825.273625
"Response received",845.816125
"Response received",583.422625
"Response received",853.410375
"Response received",862.683750
"Response received",614.948875
"Response received",834.312875
"Response received",734.523500
"Response received",1241.705000
"Response received",819.956500
"Response received",782.402125
"Response received",1032.097000
"File saved",0.360125
"File saved",0.146750
"File saved",0.469125
"File saved",0.391500
"File saved",0.386250
"File saved",0.387000
"File saved",0.183375
"File saved",0.464750
"File saved",0.465625
"File saved",0.400125
"File saved",0.453375
"File saved",0.521250
"File saved",0.473000
"File saved",0.430875
"File saved",0.371625
"File saved",0.480500
"File saved",0.452125
"File saved",0.493000
"File saved",0.467000
"Command executed",1166.497875
"Command executed",1.784375
"Command executed",1273.605250
"Command executed",1211.709375
"Command executed",1126.308750
"Command executed",1193.159875
"Command executed",2.855250
"Command executed",1183.051375
"Command executed",1155.419375
"Command executed",1157.557250
"Command executed",1196.444250
"Command executed",1182.319625
"Command executed",1198.598750
"Command executed",1117.266125
"Command executed",1114.039500
"Command executed",1175.087625
"Command executed",1156.301125
"Command executed",1152.637000
"Command executed",1185.564375
"Second connection established",0.238250
"Second connection established",0.218000
"Second connection established",0.232000
"Second connection established",0.256125
"Second connection established",0.198000
"Second connection established",0.242625
"Second connection established",0.218875
"Second connection established",0.223750
"Second connection established",0.239000
"Second connection established",0.185875
"Second connection established",0.259375
"Second connection established",0.229750
"Second connection established",0.215500
"Second connection established",0.251875
"Second connection established",0.255625
"Second connection established",0.226250
"Second connection established",0.217875
"Second connection established",0.232500
"Second connection established",0.248375
"Second request sent",0.022000
"Second request sent",0.020375
"Second request sent",0.024750
"Second request sent",0.022500
"Second request sent",0.020375
"Second request sent",0.021625
"Second request sent",0.022250
"Second request sent",0.024375
"Second request sent",0.020500
"Second request sent",0.022500
"Second request sent",0.021125
"Second request sent",0.025125
"Second request sent",0.026250
"Second request sent",0.023250
"Second request sent",0.026750
"Second request sent",0.015875
"Second request sent",0.024750
"Second request sent",0.025125
"Second request sent",0.025000
"Result uploaded",0.053250
"Result uploaded",0.023375
"Result uploaded",0.053250
"Result uploaded",0.052375
"Result uploaded",0.042375
"Result uploaded",0.054375
"Result uploaded",0.033250
"Result uploaded",0.043000
"Result uploaded",0.044500
"Result uploaded",0.050000
"Result uploaded",0.046500
"Result uploaded",0.053375
"Result uploaded",0.045375
"Result uploaded",0.049125
"Result uploaded",0.053625
"Result uploaded",0.037625
"Result uploaded",0.054000
"Result uploaded",0.053250
"Result uploaded",0.053750
"Process completed successfully. Total execution time",2054.191125
"Process completed successfully. Total execution time",526.715750
"Process completed successfully. Total execution time",2714.383375
"Process completed successfully. Total execution time",2042.211500
"Process completed successfully. Total execution time",2331.758000
"Process completed successfully. Total execution time",2613.016875
"Process completed successfully. Total execution time",853.566625
"Process completed successfully. Total execution time",2773.279125
"Process completed successfully. Total execution time",2763.481750
"Process completed successfully. Total execution time",2331.181750
"Process completed successfully. Total execution time",2851.716250
"Process completed successfully. Total execution time",2927.763750
"Process completed successfully. Total execution time",2473.408750
"Process completed successfully. Total execution time",2838.295500
"Process completed successfully. Total execution time",2383.642250
"Process completed successfully. Total execution time",3131.835625
"Process completed successfully. Total execution time",2713.443500
"Process completed successfully. Total execution time",2708.707125
"Process completed successfully. Total execution time",2820.211875
"First connection established",0.139750
"First connection established",0.205250
"First connection established",0.193125
"First connection established",0.225375
"First connection established",0.213500
"First connection established",0.238000
"First connection established",0.180375
"First connection established",0.226125
"First connection established",0.201625
"First connection established",0.160000
"First connection established",0.190250
"First connection established",0.240750
"First connection established",0.208250
"First connection established",0.224500
"First connection established",0.180875
"First connection established",0.235250
"First connection established",0.219625
"First connection established",0.171750
"First connection established",0.195625
"First connection established",0.139750
"First connection established",0.205250
"First connection established",0.193125
"First connection established",0.225375
"First connection established",0.213500
"First connection established",0.238000
"First connection established",0.180375
"First connection established",0.226125
"First connection established",0.201625
"First connection established",0.160000
"First connection established",0.190250
"First connection established",0.240750
"First connection established",0.208250
"First connection established",0.224500
"First connection established",0.180875
"First connection established",0.235250
"First connection established",0.219625
"First connection established",0.171750
"First connection established",0.195625
"First request sent",0.012250
"First request sent",0.005875
"First request sent",0.025625
"First request sent",0.018250
"First request sent",0.027375
"First request sent",0.025750
"First request sent",0.026375
"First request sent",0.022250
"First request sent",0.025125
"First request sent",0.006000
"First request sent",0.020250
"First request sent",0.027750
"First request sent",0.024625
"First request sent",0.018875
"First request sent",0.007000
"First request sent",0.022500
"First request sent",0.028000
"First request sent",0.023500
"First request sent",0.009500
"Time from request to first response",0.607375
"Time from request to first response",7.695625
"Time from request to first response",5.449000
"Time from request to first response",15.196125
"Time from request to first response",0.029625
"Time from request to first response",0.032750
"Time from request to first response",23.221250
"Time from request to first response",0.029750
"Time from request to first response",19.532250
"Time from request to first response",89.313875
"Time from request to first response",3.213625
"Time from request to first response",0.029875
"Time from request to first response",17.562000
"Time from request to first response",35.537000
"Time from request to first response",91.560875
"Time from request to first response",394.555500
"Time from request to first response",24.940125
"Time from request to first response",0.021125
"Time from request to first response",46.740000
"Response received",318.007375
"Response received",66.938375
"Response received",839.336875
"Response received",362.414625
"Response received",591.636000
"Response received",730.553000
"Response received",169.983500
"Response received",825.273625
"Response received",845.816125
"Response received",583.422625
"Response received",853.410375
"Response received",862.683750
"Response received",614.948875
"Response received",834.312875
"Response received",734.523500
"Response received",1241.705000
"Response received",819.956500
"Response received",782.402125
"Response received",1032.097000
"File saved",0.360125
"File saved",0.146750
"File saved",0.469125
"File saved",0.391500
"File saved",0.386250
"File saved",0.387000
"File saved",0.183375
"File saved",0.464750
"File saved",0.465625
"File saved",0.400125
"File saved",0.453375
"File saved",0.521250
"File saved",0.473000
"File saved",0.430875
"File saved",0.371625
"File saved",0.480500
"File saved",0.452125
"File saved",0.493000
"File saved",0.467000
"Command executed",1166.497875
"Command executed",1.784375
"Command executed",1273.605250
"Command executed",1211.709375
"Command executed",1126.308750
"Command executed",1193.159875
"Command executed",2.855250
"Command executed",1183.051375
"Command executed",1155.419375
"Command executed",1157.557250
"Command executed",1196.444250
"Command executed",1182.319625
"Command executed",1198.598750
"Command executed",1117.266125
"Command executed",1114.039500
"Command executed",1175.087625
"Command executed",1156.301125
"Command executed",1152.637000
"Command executed",1185.564375
"Second connection established",0.238250
"Second connection established",0.218000
"Second connection established",0.232000
"Second connection established",0.256125
"Second connection established",0.198000
"Second connection established",0.242625
"Second connection established",0.218875
"Second connection established",0.223750
"Second connection established",0.239000
"Second connection established",0.185875
"Second connection established",0.259375
"Second connection established",0.229750
"Second connection established",0.215500
"Second connection established",0.251875
"Second connection established",0.255625
"Second connection established",0.226250
"Second connection established",0.217875
"Second connection established",0.232500
"Second connection established",0.248375
"Second request sent",0.022000
"Second request sent",0.020375
"Second request sent",0.024750
"Second request sent",0.022500
"Second request sent",0.020375
"Second request sent",0.021625
"Second request sent",0.022250
"Second request sent",0.024375
"Second request sent",0.020500
"Second request sent",0.022500
"Second request sent",0.021125
"Second request sent",0.025125
"Second request sent",0.026250
"Second request sent",0.023250
"Second request sent",0.026750
"Second request sent",0.015875
"Second request sent",0.024750
"Second request sent",0.025125
"Second request sent",0.025000
"Result uploaded",0.053250
"Result uploaded",0.023375
"Result uploaded",0.053250
"Result uploaded",0.052375
"Result uploaded",0.042375
"Result uploaded",0.054375
"Result uploaded",0.033250
"Result uploaded",0.043000
"Result uploaded",0.044500
"Result uploaded",0.050000
"Result uploaded",0.046500
"Result uploaded",0.053375
"Result uploaded",0.045375
"Result uploaded",0.049125
"Result uploaded",0.053625
"Result uploaded",0.037625
"Result uploaded",0.054000
"Result uploaded",0.053250
"Result uploaded",0.053750
"Process completed successfully. Total execution time",2054.191125
"Process completed successfully. Total execution time",526.715750
"Process completed successfully. Total execution time",2714.383375
"Process completed successfully. Total execution time",2042.211500
"Process completed successfully. Total execution time",2331.758000
"Process completed successfully. Total execution time",2613.016875
"Process completed successfully. Total execution time",853.566625
"Process completed successfully. Total execution time",2773.279125
"Process completed successfully. Total execution time",2763.481750
"Process completed successfully. Total execution time",2331.181750
"Process completed successfully. Total execution time",2851.716250
"Process completed successfully. Total execution time",2927.763750
"Process completed successfully. Total execution time",2473.408750
"Process completed successfully. Total execution time",2838.295500
"Process completed successfully. Total execution time",2383.642250
"Process completed successfully. Total execution time",3131.835625
"Process completed successfully. Total execution time",2713.443500
"Process completed successfully. Total execution time",2708.707125
"Process completed successfully. Total execution time",2820.211875
"First connection established",0.139750
"First connection established",0.205250
"First connection established",0.193125
"First connection established",0.225375
"First connection established",0.213500
"First connection established",0.238000
"First connection established",0.180375
"First connection established",0.226125
"First connection established",0.201625
"First connection established",0.160000
"First connection established",0.190250
"First connection established",0.240750
"First connection established",0.208250
"First connection established",0.224500
"First connection established",0.180875
"First connection established",0.235250
"First connection established",0.219625
"First connection established",0.171750
"First connection established",0.195625
"First request sent",0.012250
"First request sent",0.005875
"First request sent",0.025625
"First request sent",0.018250
"First request sent",0.027375
"First request sent",0.025750
"First request sent",0.026375
"First request sent",0.022250
"First request sent",0.025125
"First request sent",0.006000
"First request sent",0.020250
"First request sent",0.027750
"First request sent",0.024625
"First request sent",0.018875
"First request sent",0.007000
"First request sent",0.022500
"First request sent",0.028000
"First request sent",0.023500
"First request sent",0.009500
"Time from request to first response",0.607375
"Time from request to first response",7.695625
"Time from request to first response",5.449000
"Time from request to first response",15.196125
"Time from request to first response",0.029625
"Time from request to first response",0.032750
"Time from request to first response",23.221250
"Time from request to first response",0.029750
"Time from request to first response",19.532250
"Time from request to first response",89.313875
"Time from request to first response",3.213625
"Time from request to first response",0.029875
"Time from request to first response",17.562000
"Time from request to first response",35.537000
"Time from request to first response",91.560875
"Time from request to first response",394.555500
"Time from request to first response",24.940125
"Time from request to first response",0.021125
"Time from request to first response",46.740000
"Response received",318.007375
"Response received",66.938375
"Response received",839.336875
"Response received",362.414625
"Response received",591.636000
"Response received",730.553000
"Response received",169.983500
"Response received",825.273625
"Response received",845.816125
"Response received",583.422625
"Response received",853.410375
"Response received",862.683750
"Response received",614.948875
"Response received",834.312875
"Response received",734.523500
"Response received",1241.705000
"Response received",819.956500
"Response received",782.402125
"Response received",1032.097000
"File saved",0.360125
"File saved",0.146750
"File saved",0.469125
"File saved",0.391500
"File saved",0.386250
"File saved",0.387000
"File saved",0.183375
"File saved",0.464750
"File saved",0.465625
"File saved",0.400125
"File saved",0.453375
"File saved",0.521250
"File saved",0.473000
"File saved",0.430875
"File saved",0.371625
"File saved",0.480500
"File saved",0.452125
"File saved",0.493000
"File saved",0.467000
"Command executed",1166.497875
"Command executed",1.784375
"Command executed",1273.605250
"Command executed",1211.709375
"Command executed",1126.308750
"Command executed",1193.159875
"Command executed",2.855250
"Command executed",1183.051375
"Command executed",1155.419375
"Command executed",1157.557250
"Command executed",1196.444250
"Command executed",1182.319625
"Command executed",1198.598750
"Command executed",1117.266125
"Command executed",1114.039500
"Command executed",1175.087625
"Command executed",1156.301125
"Command executed",1152.637000
"Command executed",1185.564375
"Second connection established",0.238250
"Second connection established",0.218000
"Second connection established",0.232000
"Second connection established",0.256125
"Second connection established",0.198000
"Second connection established",0.242625
"Second connection established",0.218875
"Second connection established",0.223750
"Second connection established",0.239000
"Second connection established",0.185875
"Second connection established",0.259375
"Second connection established",0.229750
"Second connection established",0.215500
"Second connection established",0.251875
"Second connection established",0.255625
"Second connection established",0.226250
"Second connection established",0.217875
"Second connection established",0.232500
"Second connection established",0.248375
"Second request sent",0.022000
"Second request sent",0.020375
"Second request sent",0.024750
"Second request sent",0.022500
"Second request sent",0.020375
"Second request sent",0.021625
"Second request sent",0.022250
"Second request sent",0.024375
"Second request sent",0.020500
"Second request sent",0.022500
"Second request sent",0.021125
"Second request sent",0.025125
"Second request sent",0.026250
"Second request sent",0.023250
"Second request sent",0.026750
"Second request sent",0.015875
"Second request sent",0.024750
"Second request sent",0.025125
"Second request sent",0.025000
"Result uploaded",0.053250
"Result uploaded",0.023375
"Result uploaded",0.053250
"Result uploaded",0.052375
"Result uploaded",0.042375
"Result uploaded",0.054375
"Result uploaded",0.033250
"Result uploaded",0.043000
"Result uploaded",0.044500
"Result uploaded",0.050000
"Result uploaded",0.046500
"Result uploaded",0.053375
"Result uploaded",0.045375
"Result uploaded",0.049125
"Result uploaded",0.053625
"Result uploaded",0.037625
"Result uploaded",0.054000
"Result uploaded",0.053250
"Result uploaded",0.053750
"Process completed successfully. Total execution time",2054.191125
"Process completed successfully. Total execution time",526.715750
"Process completed successfully. Total execution time",2714.383375
"Process completed successfully. Total execution time",2042.211500
"Process completed successfully. Total execution time",2331.758000
"Process completed successfully. Total execution time",2613.016875
"Process completed successfully. Total execution time",853.566625
"Process completed successfully. Total execution time",2773.279125
"Process completed successfully. Total execution time",2763.481750
"Process completed successfully. Total execution time",2331.181750
"Process completed successfully. Total execution time",2851.716250
"Process completed successfully. Total execution time",2927.763750
"Process completed successfully. Total execution time",2473.408750
"Process completed successfully. Total execution time",2838.295500
"Process completed successfully. Total execution time",2383.642250
"Process completed successfully. Total execution time",3131.835625
"Process completed successfully. Total execution time",2713.443500
"Process completed successfully. Total execution time",2708.707125
"Process completed successfully. Total execution time",2820.211875
"First connection established",0.139750
"First connection established",0.193125
"First connection established",0.225375
"First connection established",0.213500
"First connection established",0.238000
"First connection established",0.226125
"First connection established",0.201625
"First connection established",0.160000
"First connection established",0.190250
"First connection established",0.240750
"First connection established",0.208250
"First connection established",0.224500
"First connection established",0.180875
"First connection established",0.235250
"First connection established",0.219625
"First connection established",0.171750
"First connection established",0.195625
"First request sent",0.012250
"First request sent",0.025625
"First request sent",0.018250
"First request sent",0.027375
"First request sent",0.025750
"First request sent",0.022250
"First request sent",0.025125
"First request sent",0.006000
"First request sent",0.020250
"First request sent",0.027750
"First request sent",0.024625
"First request sent",0.018875
"First request sent",0.007000
"First request sent",0.022500
"First request sent",0.028000
"First request sent",0.023500
"First request sent",0.009500
"Time from request to first response",0.607375
"Time from request to first response",5.449000
"Time from request to first response",15.196125
"Time from request to first response",0.029625
"Time from request to first response",0.032750
"Time from request to first response",0.029750
"Time from request to first response",19.532250
"Time from request to first response",89.313875
"Time from request to first response",3.213625
"Time from request to first response",0.029875
"Time from request to first response",17.562000
"Time from request to first response",35.537000
"Time from request to first response",91.560875
"Time from request to first response",394.555500
"Time from request to first response",24.940125
"Time from request to first response",0.021125
"Time from request to first response",46.740000
"Response received",318.007375
"Response received",839.336875
"Response received",362.414625
"Response received",591.636000
"Response received",730.553000
"Response received",825.273625
"Response received",845.816125
"Response received",583.422625
"Response received",853.410375
"Response received",862.683750
"Response received",614.948875
"Response received",834.312875
"Response received",734.523500
"Response received",1241.705000
"Response received",819.956500
"Response received",782.402125
"Response received",1032.097000
"File saved",0.360125
"File saved",0.469125
"File saved",0.391500
"File saved",0.386250
"File saved",0.387000
"File saved",0.464750
"File saved",0.465625
"File saved",0.400125
"File saved",0.453375
"File saved",0.521250
"File saved",0.473000
"File saved",0.430875
"File saved",0.371625
"File saved",0.480500
"File saved",0.452125
"File saved",0.493000
"File saved",0.467000
"Command executed",1166.497875
"Command executed",1273.605250
"Command executed",1211.709375
"Command executed",1126.308750
"Command executed",1193.159875
"Command executed",1183.051375
"Command executed",1155.419375
"Command executed",1157.557250
"Command executed",1196.444250
"Command executed",1182.319625
"Command executed",1198.598750
"Command executed",1117.266125
"Command executed",1114.039500
"Command executed",1175.087625
"Command executed",1156.301125
"Command executed",1152.637000
"Command executed",1185.564375
"Second connection established",0.238250
"Second connection established",0.232000
"Second connection established",0.256125
"Second connection established",0.198000
"Second connection established",0.242625
"Second connection established",0.223750
"Second connection established",0.239000
"Second connection established",0.185875
"Second connection established",0.259375
"Second connection established",0.229750
"Second connection established",0.215500
"Second connection established",0.251875
"Second connection established",0.255625
"Second connection established",0.226250
"Second connection established",0.217875
"Second connection established",0.232500
"Second connection established",0.248375
"Second request sent",0.022000
"Second request sent",0.024750
"Second request sent",0.022500
"Second request sent",0.020375
"Second request sent",0.021625
"Second request sent",0.024375
"Second request sent",0.020500
"Second request sent",0.022500
"Second request sent",0.021125
"Second request sent",0.025125
"Second request sent",0.026250
"Second request sent",0.023250
"Second request sent",0.026750
"Second request sent",0.015875
"Second request sent",0.024750
"Second request sent",0.025125
"Second request sent",0.025000
"Result uploaded",0.053250
"Result uploaded",0.053250
"Result uploaded",0.052375
"Result uploaded",0.042375
"Result uploaded",0.054375
"Result uploaded",0.043000
"Result uploaded",0.044500
"Result uploaded",0.050000
"Result uploaded",0.046500
"Result uploaded",0.053375
"Result uploaded",0.045375
"Result uploaded",0.049125
"Result uploaded",0.053625
"Result uploaded",0.037625
"Result uploaded",0.054000
"Result uploaded",0.053250
"Result uploaded",0.053750
"Process completed successfully. Total execution time",2054.191125
"Process completed successfully. Total execution time",2714.383375
"Process completed successfully. Total execution time",2042.211500
"Process completed successfully. Total execution time",2331.758000
"Process completed successfully. Total execution time",2613.016875
"Process completed successfully. Total execution time",2773.279125
"Process completed successfully. Total execution time",2763.481750
"Process completed successfully. Total execution time",2331.181750
"Process completed successfully. Total execution time",2851.716250
"Process completed successfully. Total execution time",2927.763750
"Process completed successfully. Total execution time",2473.408750
"Process completed successfully. Total execution time",2838.295500
"Process completed successfully. Total execution time",2383.642250
"Process completed successfully. Total execution time",3131.835625
"Process completed successfully. Total execution time",2713.443500
"Process completed successfully. Total execution time",2708.707125
"Process completed successfully. Total execution time",2820.211875
